,Year,Trial Region,GDD 1-60,GDD 61-90,GDD 91-end
0,2020,HER_Early,570.75,454.9800000000001,883.77
1,2020,HER_Late,795.26,591.26,957.4900000000001
2,2020,ONT,831.97,600.4699999999999,970.0100000000001
